[
    {
        "title": " 博野县总工会职工服务中心项目 ",
        "url": "http://hebeibidding.com.cn/tender/details.aspx?id=00a41db894fa4e20",
        "id": "00a41db894fa4e20"
    },
    {
        "title": " 南皮县第三幼儿园新建项目工程 ",
        "url": "http://hebeibidding.com.cn/tender/details.aspx?id=faa896bef5405ee6",
        "id": "faa896bef5405ee6"
    },
    {
        "title": " 石家庄海山实业发展总公司工矿棚户区改造项目（二期工程）勘察 ",
        "url": "http://hebeibidding.com.cn/tender/details.aspx?id=c7811ecb5aaf05d4",
        "id": "c7811ecb5aaf05d4"
    },
    {
        "title": " 石家庄海山实业发展总公司工矿棚户区改造项目（二期工程）施工图设计 ",
        "url": "http://hebeibidding.com.cn/tender/details.aspx?id=eabe4ac33ed6ddcd",
        "id": "eabe4ac33ed6ddcd"
    },
    {
        "title": " 石家庄海山实业发展总公司工矿棚户区改造项目（一期工程）所需电梯产品及服务招标公告 ",
        "url": "http://hebeibidding.com.cn/tender/details.aspx?id=fa8802112d9fdc83",
        "id": "fa8802112d9fdc83"
    },
    {
        "title": " 邢台市利用工业余热集中供热项目二期工程监理 ",
        "url": "http://hebeibidding.com.cn/tender/details.aspx?id=d12c182b9e5f5eb0",
        "id": "d12c182b9e5f5eb0"
    },
    {
        "title": " 曲阳县下河乡朝阳希望小学教学楼改建项目 ",
        "url": "http://hebeibidding.com.cn/tender/details.aspx?id=ceb7aa50fb5ff84b",
        "id": "ceb7aa50fb5ff84b"
    },
    {
        "title": " 河北省烟草公司衡水市公司经营业务用房十一层休息室及一层消防监控室改造项目 ",
        "url": "http://hebeibidding.com.cn/tender/details.aspx?id=6317749d5e7ea1ea",
        "id": "6317749d5e7ea1ea"
    },
    {
        "title": " 6530工程建设项目营房整修项目 ",
        "url": "http://hebeibidding.com.cn/tender/details.aspx?id=4766cd7251939770",
        "id": "4766cd7251939770"
    },
    {
        "title": " 体育公园供电外网施工 ",
        "url": "http://hebeibidding.com.cn/tender/details.aspx?id=dee206e40b83402f",
        "id": "dee206e40b83402f"
    },
    {
        "title": " 体育公园给水外网施工 ",
        "url": "http://hebeibidding.com.cn/tender/details.aspx?id=de0f9e31275d7410",
        "id": "de0f9e31275d7410"
    },
    {
        "title": " 体育公园排水外网施工 ",
        "url": "http://hebeibidding.com.cn/tender/details.aspx?id=13a9a270c5edf226",
        "id": "13a9a270c5edf226"
    },
    {
        "title": " 西城区第二实验小学教学楼和综合楼工程施工招标 ",
        "url": "http://hebeibidding.com.cn/tender/details.aspx?id=e394f1f6e566c89a",
        "id": "e394f1f6e566c89a"
    },
    {
        "title": " 北京航天中心医院专家公寓改造工程 ",
        "url": "http://hebeibidding.com.cn/tender/details.aspx?id=32c0635f949df0be",
        "id": "32c0635f949df0be"
    },
    {
        "title": " 承德县县城道路路灯节能改造及亮化项目施工招标公告 ",
        "url": "http://hebeibidding.com.cn/tender/details.aspx?id=d4764969b970c5b3",
        "id": "d4764969b970c5b3"
    },
    {
        "title": " 承德县县城道路路灯节能改造及亮化项目监理招标公告 ",
        "url": "http://hebeibidding.com.cn/tender/details.aspx?id=ee9dc880d8da4dd3",
        "id": "ee9dc880d8da4dd3"
    },
    {
        "title": " 张家口市正博高级中学校园学生之家室内外维修工程施工 ",
        "url": "http://hebeibidding.com.cn/tender/details.aspx?id=3dfa68dd3df6e758",
        "id": "3dfa68dd3df6e758"
    },
    {
        "title": " 中国联通华北（廊坊）基地A1、A2机房楼数据机房基础配套扩容工程高压配电设备安装招标公告（二次） ",
        "url": "http://hebeibidding.com.cn/tender/details.aspx?id=cbf192c8d472791b",
        "id": "cbf192c8d472791b"
    },
    {
        "title": " 中共河北省委党校3号学员楼拆危建新项目消防工程 ",
        "url": "http://hebeibidding.com.cn/tender/details.aspx?id=7a80a3e27c499321",
        "id": "7a80a3e27c499321"
    },
    {
        "title": " 中共河北省委党校3号学员楼拆危建新项目弱电工程 ",
        "url": "http://hebeibidding.com.cn/tender/details.aspx?id=849c906297163605",
        "id": "849c906297163605"
    },
    {
        "title": " 深泽县石油大街改造提升工程监理 ",
        "url": "http://hebeibidding.com.cn/tender/details.aspx?id=7a4bf05838dfdb0e",
        "id": "7a4bf05838dfdb0e"
    },
    {
        "title": " 深泽县石油大街改造提升项目设计施工总承包 ",
        "url": "http://hebeibidding.com.cn/tender/details.aspx?id=6b4e76462daf8de7",
        "id": "6b4e76462daf8de7"
    },
    {
        "title": " 深泽县人民公园建设项目监理招标公告 ",
        "url": "http://hebeibidding.com.cn/tender/details.aspx?id=0b53fd047263bc9e",
        "id": "0b53fd047263bc9e"
    },
    {
        "title": " 深泽县人民公园设计施工总承包 ",
        "url": "http://hebeibidding.com.cn/tender/details.aspx?id=e6de6d7b3d59cb74",
        "id": "e6de6d7b3d59cb74"
    },
    {
        "title": " 深泽县润泽公园建设项目监理 ",
        "url": "http://hebeibidding.com.cn/tender/details.aspx?id=17b76e8d1a3a4656",
        "id": "17b76e8d1a3a4656"
    },
    {
        "title": " 深泽县润泽公园设计施工总承包 ",
        "url": "http://hebeibidding.com.cn/tender/details.aspx?id=6afa70f45f87a7cb",
        "id": "6afa70f45f87a7cb"
    },
    {
        "title": " 承德农产品冷链物流产业园项目勘察招标 ",
        "url": "http://hebeibidding.com.cn/tender/details.aspx?id=a87fd6dfc1c02a37",
        "id": "a87fd6dfc1c02a37"
    },
    {
        "title": " 河北乐亭经济开发区路网及配套设施建设项目勘察设计 ",
        "url": "http://hebeibidding.com.cn/tender/details.aspx?id=397cba899ddcd49b",
        "id": "397cba899ddcd49b"
    },
    {
        "title": " 武邑县城区集中供热(PPP)项目热源厂土建工程施工 ",
        "url": "http://hebeibidding.com.cn/tender/details.aspx?id=77be7c6f343bfd7a",
        "id": "77be7c6f343bfd7a"
    },
    {
        "title": " 南石家庄棚改项目配套路青城街（东垣东路-绵河道）道路工程和十里铺棚改项目配套道路工程荷园路（金明街-青城街）、金水街（东垣东路-延沱路）设计二次公告 ",
        "url": "http://hebeibidding.com.cn/tender/details.aspx?id=6d26ef9770ebaf4b",
        "id": "6d26ef9770ebaf4b"
    },
    {
        "title": " 大杨庄改造项目.保利花园西区S4商业工程二次招标 ",
        "url": "http://hebeibidding.com.cn/tender/details.aspx?id=4881f81cf15043c7",
        "id": "4881f81cf15043c7"
    },
    {
        "title": " 河北省南水北调运行调度中心瓷砖采购 ",
        "url": "http://hebeibidding.com.cn/tender/details.aspx?id=6112883a72b974c6",
        "id": "6112883a72b974c6"
    },
    {
        "title": " 河北省南水北调运行调度中心室内木质复合门采购及安装 ",
        "url": "http://hebeibidding.com.cn/tender/details.aspx?id=6221775ddfeab8b1",
        "id": "6221775ddfeab8b1"
    },
    {
        "title": " 河北省南水北调运行调度中心项目室外断桥铝门窗采购及安装 ",
        "url": "http://hebeibidding.com.cn/tender/details.aspx?id=0fce437a4fb26ece",
        "id": "0fce437a4fb26ece"
    },
    {
        "title": " 清真寺民族风情特色商业街改造提升工程 ",
        "url": "http://hebeibidding.com.cn/tender/details.aspx?id=f2ec9c2a6f770b43",
        "id": "f2ec9c2a6f770b43"
    },
    {
        "title": " 承德市鹰手营子矿区城市既有居住建筑节能改造项目施工招标(二次公告) ",
        "url": "http://hebeibidding.com.cn/tender/details.aspx?id=d676a6ef0cb239fd",
        "id": "d676a6ef0cb239fd"
    },
    {
        "title": " 邯郸经济技术开发鸭池村临时道路（过东鸭池村、西鸭池村段）工程施工 ",
        "url": "http://hebeibidding.com.cn/tender/details.aspx?id=e3782cf01367f5c9",
        "id": "e3782cf01367f5c9"
    },
    {
        "title": " 鸡泽县2015年农村义务教育薄弱学校改造项目B标段（二次）招标公告 ",
        "url": "http://hebeibidding.com.cn/tender/details.aspx?id=378585e0d3b67680",
        "id": "378585e0d3b67680"
    },
    {
        "title": " 鸡泽县2015年农村义务教育薄弱学校改造项目A标段（二次）招标公告 ",
        "url": "http://hebeibidding.com.cn/tender/details.aspx?id=41db8b485ac23a93",
        "id": "41db8b485ac23a93"
    },
    {
        "title": " 宣化县赵川镇主干道修建项目（施工） ",
        "url": "http://hebeibidding.com.cn/tender/details.aspx?id=1c27438d6fcc0d1b",
        "id": "1c27438d6fcc0d1b"
    }
]