[
    {
        "title": "河北科技大学新校区东热站换热器大修（二期）工程竞争性谈判公告",
        "url": "http://ccgp-hebei.gov.cn/zfcg/1/bidingAnncDetail_41118.html",
        "id": "41118"
    },
    {
        "title": "河北师范大学附属实验中学综合实验室仪器设备购置安装招标公告",
        "url": "http://ccgp-hebei.gov.cn/zfcg/1/bidingAnncDetail_41077.html",
        "id": "41077"
    },
    {
        "title": "河北省第三次农业普查农作物面积遥感测量服务项目公开招标公告",
        "url": "http://ccgp-hebei.gov.cn/zfcg/1/bidingAnncDetail_41069.html",
        "id": "41069"
    },
    {
        "title": "河北省国土资源厅县级海域动态监管能力建设公开招标",
        "url": "http://ccgp-hebei.gov.cn/zfcg/1/bidingAnncDetail_41060.html",
        "id": "41060"
    },
    {
        "title": "华北理工大学2016年本科高校综合水平提升经费-曹妃甸新校区后勤基础服务提升-公寓楼配套用品项目公开招标",
        "url": "http://ccgp-hebei.gov.cn/zfcg/1/bidingAnncDetail_41046.html",
        "id": "41046"
    },
    {
        "title": "华北理工大学2016年新校区搬迁提升专项经费-教室课桌椅项目公开招标",
        "url": "http://ccgp-hebei.gov.cn/zfcg/1/bidingAnncDetail_41040.html",
        "id": "41040"
    },
    {
        "title": "华北理工大学2016年新校区搬迁提升专项经费-教室课桌椅项目公开招标",
        "url": "http://ccgp-hebei.gov.cn/zfcg/1/bidingAnncDetail_41037.html",
        "id": "41037"
    },
    {
        "title": "河北音像资料馆媒资管理系统扩容升级项目公开招标",
        "url": "http://ccgp-hebei.gov.cn/zfcg/1/bidingAnncDetail_41025.html",
        "id": "41025"
    },
    {
        "title": "河北师范大学重点大学建设经费项目-计算机软件公开招标",
        "url": "http://ccgp-hebei.gov.cn/zfcg/1/bidingAnncDetail_41023.html",
        "id": "41023"
    },
    {
        "title": "河北经济管理学校教室多媒体安装公开招标",
        "url": "http://ccgp-hebei.gov.cn/zfcg/1/bidingAnncDetail_41020.html",
        "id": "41020"
    },
    {
        "title": "河北省胸科医院医疗服务项目、单病种成本核算系统及设备竞争性磋商",
        "url": "http://ccgp-hebei.gov.cn/zfcg/1/bidingAnncDetail_41017.html",
        "id": "41017"
    },
    {
        "title": "河北省直属机关第一门诊部白内障学科及省政府医务室能力建设项目设备采购公开招标公告（进口）",
        "url": "http://ccgp-hebei.gov.cn/zfcg/1/bidingAnncDetail_41101.html",
        "id": "41101"
    },
    {
        "title": "河北省直属机关第一门诊部白内障学科及省政府医务室能力建设项目设备采购公开招标公告(国产)",
        "url": "http://ccgp-hebei.gov.cn/zfcg/1/bidingAnncDetail_41100.html",
        "id": "41100"
    },
    {
        "title": "河北体育学院排球馆加固改造工程竞争性磋商公告",
        "url": "http://ccgp-hebei.gov.cn/zfcg/1/bidingAnncDetail_41093.html",
        "id": "41093"
    },
    {
        "title": "河北体育学院龙狮馆加固改造工程竞争性磋商公告",
        "url": "http://ccgp-hebei.gov.cn/zfcg/1/bidingAnncDetail_41092.html",
        "id": "41092"
    },
    {
        "title": "河北省中小河流水文监测系统建设项目招标结余及预备费设备采购招标公告",
        "url": "http://ccgp-hebei.gov.cn/zfcg/1/bidingAnncDetail_40915.html",
        "id": "40915"
    },
    {
        "title": "河北北方学院办公设备项目竞争性谈判公告",
        "url": "http://ccgp-hebei.gov.cn/zfcg/1/bidingAnncDetail_40942.html",
        "id": "40942"
    },
    {
        "title": "河北奥林匹克体育中心-体育馆综合体游泳馆泳池瓷砖铺装及设施安装工程招标公告",
        "url": "http://ccgp-hebei.gov.cn/zfcg/1/bidingAnncDetail_40910.html",
        "id": "40910"
    },
    {
        "title": "河北省优抚医院省属优抚事业单位维修改造经费项目（地面硬化及绿化工程）竞争性磋商公告",
        "url": "http://ccgp-hebei.gov.cn/zfcg/1/bidingAnncDetail_40908.html",
        "id": "40908"
    },
    {
        "title": "承德医学院承德医学院图书馆纸本图书供应商资质招标公告",
        "url": "http://ccgp-hebei.gov.cn/zfcg/1/bidingAnncDetail_40902.html",
        "id": "40902"
    },
    {
        "title": "河北科技大学2016年科大外包服务公开招标专业消杀蟑、蝇害",
        "url": "http://ccgp-hebei.gov.cn/zfcg/1/bidingAnncDetail_40899.html",
        "id": "40899"
    },
    {
        "title": "河北工业大学宿舍门窗维修项目公开招标公告",
        "url": "http://ccgp-hebei.gov.cn/zfcg/1/bidingAnncDetail_40890.html",
        "id": "40890"
    },
    {
        "title": "河北工业大学红桥校区东院一宿舍地面铺装竞争性磋商公告",
        "url": "http://ccgp-hebei.gov.cn/zfcg/1/bidingAnncDetail_40886.html",
        "id": "40886"
    },
    {
        "title": "河北工业大学2016年新生宿舍粉刷工程竞争性磋商公告",
        "url": "http://ccgp-hebei.gov.cn/zfcg/1/bidingAnncDetail_40882.html",
        "id": "40882"
    },
    {
        "title": "河北省林业科学研究院丰宁生态定位站项目-仪器采购公开招标",
        "url": "http://ccgp-hebei.gov.cn/zfcg/1/bidingAnncDetail_40898.html",
        "id": "40898"
    },
    {
        "title": "河北交通职业技术学院教学资源管理平台建设项目招标公告",
        "url": "http://ccgp-hebei.gov.cn/zfcg/1/bidingAnncDetail_40894.html",
        "id": "40894"
    },
    {
        "title": "河北省体育局2016年全民健身品牌活动/赛事策划及执行单位采购竞争性磋商公告",
        "url": "http://ccgp-hebei.gov.cn/zfcg/1/bidingAnncDetail_40878.html",
        "id": "40878"
    },
    {
        "title": "承德医学院承德医学院学生处两门、三门衣橱招标公告",
        "url": "http://ccgp-hebei.gov.cn/zfcg/1/bidingAnncDetail_40892.html",
        "id": "40892"
    },
    {
        "title": "河北交通职业技术学院标准化考场、智慧教室建设项目招标公告",
        "url": "http://ccgp-hebei.gov.cn/zfcg/1/bidingAnncDetail_40885.html",
        "id": "40885"
    },
    {
        "title": "河北经贸大学河北经贸大学学术交流中心建设项目招标公告",
        "url": "http://ccgp-hebei.gov.cn/zfcg/1/bidingAnncDetail_40876.html",
        "id": "40876"
    },
    {
        "title": "廊坊师范学院教学楼、学生公寓粉刷及修缮工程竞争性谈判",
        "url": "http://ccgp-hebei.gov.cn/zfcg/1/bidingAnncDetail_40873.html",
        "id": "40873"
    },
    {
        "title": "河北政法职业学院实训硬件购置竞争性谈判",
        "url": "http://ccgp-hebei.gov.cn/zfcg/1/bidingAnncDetail_40868.html",
        "id": "40868"
    },
    {
        "title": "承德医学院承德医学院教学用通用设备招标公告",
        "url": "http://ccgp-hebei.gov.cn/zfcg/1/bidingAnncDetail_40862.html",
        "id": "40862"
    },
    {
        "title": "河北经贸大学2016年实验室建设食品科学研究及示范平台项目生物工程实验室设备（进口）采购公开招标招标公告",
        "url": "http://ccgp-hebei.gov.cn/zfcg/1/bidingAnncDetail_40804.html",
        "id": "40804"
    },
    {
        "title": "河北省体育局射击运动管理中心2016年河北射击队训练器材装备采购项目竞争性谈判",
        "url": "http://ccgp-hebei.gov.cn/zfcg/1/bidingAnncDetail_40767.html",
        "id": "40767"
    },
    {
        "title": "河北省儿童医院重症医学和远程查房综合管理系统建设（进口）设备采购06包（二次）公开招标公告",
        "url": "http://ccgp-hebei.gov.cn/zfcg/1/bidingAnncDetail_40737.html",
        "id": "40737"
    },
    {
        "title": "河北工程大学2016年毕业生宿舍粉刷工程竞争性磋商公告",
        "url": "http://ccgp-hebei.gov.cn/zfcg/1/bidingAnncDetail_40719.html",
        "id": "40719"
    },
    {
        "title": "邢台职业技术学院关于红外线听力教学考试及手机信号屏蔽设备采购招标公告",
        "url": "http://ccgp-hebei.gov.cn/zfcg/1/bidingAnncDetail_10364.html",
        "id": "10364"
    },
    {
        "title": "河北交通职业技术学院信工系电子工艺与仿真实训室建设项目公开招标公告",
        "url": "http://ccgp-hebei.gov.cn/zfcg/1/bidingAnncDetail_40712.html",
        "id": "40712"
    },
    {
        "title": "河北农业大学公务租车业务服务项目（二次）竞争性磋商公告",
        "url": "http://ccgp-hebei.gov.cn/zfcg/1/bidingAnncDetail_40708.html",
        "id": "40708"
    },
    {
        "title": "承朝高速公路承德段2016年养护专项护栏防腐工程施工招标公告",
        "url": "http://ccgp-hebei.gov.cn/zfcg/1/bidingAnncDetail_40706.html",
        "id": "40706"
    },
    {
        "title": "河北农业大学本科高校综合水平提升经费—正常公用经费（水电暖土建管道维修）项目公开招标公告",
        "url": "http://ccgp-hebei.gov.cn/zfcg/1/bidingAnncDetail_40611.html",
        "id": "40611"
    },
    {
        "title": "河北大学消防工程维保项目竞争性谈判公告（二次）（招标编号：HBZJ-2016N349 ）",
        "url": "http://ccgp-hebei.gov.cn/zfcg/1/bidingAnncDetail_40604.html",
        "id": "40604"
    },
    {
        "title": "河北工程大学高水平大学和重点学科建设经费-农业水土工程竞争性谈判公告",
        "url": "http://ccgp-hebei.gov.cn/zfcg/1/bidingAnncDetail_40599.html",
        "id": "40599"
    },
    {
        "title": "河北省体育局射击运动管理中心射击器材采购竞争性谈判公告",
        "url": "http://ccgp-hebei.gov.cn/zfcg/1/bidingAnncDetail_40623.html",
        "id": "40623"
    },
    {
        "title": "河北省人民防空办公室全省人防1M卫星通信信道租赁公开招标",
        "url": "http://ccgp-hebei.gov.cn/zfcg/1/bidingAnncDetail_40688.html",
        "id": "40688"
    },
    {
        "title": "河北政法职业学院网络升级改造工程X0284招标公告",
        "url": "http://ccgp-hebei.gov.cn/zfcg/1/bidingAnncDetail_40677.html",
        "id": "40677"
    },
    {
        "title": "河北政法职业学院图书资料购置J160245招标公告",
        "url": "http://ccgp-hebei.gov.cn/zfcg/1/bidingAnncDetail_40670.html",
        "id": "40670"
    },
    {
        "title": "河北省体育局射击运动管理中心西办公楼加固工程竞争性磋商公告",
        "url": "http://ccgp-hebei.gov.cn/zfcg/1/bidingAnncDetail_40629.html",
        "id": "40629"
    },
    {
        "title": "河北师范大学附属民族学院教师队伍建设-中小学教师培训补助经费招标公告",
        "url": "http://ccgp-hebei.gov.cn/zfcg/1/bidingAnncDetail_40645.html",
        "id": "40645"
    },
    {
        "title": "河北医科大学第四医院护理、医用模拟人采购项目公开招标公告",
        "url": "http://ccgp-hebei.gov.cn/zfcg/1/bidingAnncDetail_40565.html",
        "id": "40565"
    },
    {
        "title": "河北医科大学第四医院医疗设备采购（进口）公开招标公告（国际招标）",
        "url": "http://ccgp-hebei.gov.cn/zfcg/1/bidingAnncDetail_40566.html",
        "id": "40566"
    },
    {
        "title": "河北省邯郸水文水资源勘测局2012年度中小河流水文监测系统建设竞争性谈判二次公告",
        "url": "http://ccgp-hebei.gov.cn/zfcg/1/bidingAnncDetail_40555.html",
        "id": "40555"
    },
    {
        "title": "河北省经济信息中心河北省公共信用信息共享平台可行性研究报告编制公开招标",
        "url": "http://ccgp-hebei.gov.cn/zfcg/1/bidingAnncDetail_40543.html",
        "id": "40543"
    },
    {
        "title": "河北奥林匹克体育中心-体育馆综合体工程冰设备及活动木地板（二次）招标公告",
        "url": "http://ccgp-hebei.gov.cn/zfcg/1/bidingAnncDetail_40292.html",
        "id": "40292"
    },
    {
        "title": "河北奥林匹克体育中心-体育馆综合体消防报警及消防水炮工程",
        "url": "http://ccgp-hebei.gov.cn/zfcg/1/bidingAnncDetail_40285.html",
        "id": "40285"
    },
    {
        "title": "河北奥林匹克体育中心-体育馆综合体体育运动木地板铺装工程",
        "url": "http://ccgp-hebei.gov.cn/zfcg/1/bidingAnncDetail_40269.html",
        "id": "40269"
    },
    {
        "title": "河北奥林匹克体育中心-体育馆综合体网球场丙烯酸场地工程",
        "url": "http://ccgp-hebei.gov.cn/zfcg/1/bidingAnncDetail_40247.html",
        "id": "40247"
    },
    {
        "title": "河北青年管理干部学院工程造价专业机房项目公开招标",
        "url": "http://ccgp-hebei.gov.cn/zfcg/1/bidingAnncDetail_40539.html",
        "id": "40539"
    },
    {
        "title": "河北省工商行政管理局广告监测中心广告监测设备设置公开招标",
        "url": "http://ccgp-hebei.gov.cn/zfcg/1/bidingAnncDetail_40538.html",
        "id": "40538"
    },
    {
        "title": "晋冀鲁豫烈士陵园管理处安全服务竞争性谈判",
        "url": "http://ccgp-hebei.gov.cn/zfcg/1/bidingAnncDetail_40536.html",
        "id": "40536"
    },
    {
        "title": "石家庄铁道大学红外线听力教学考试系统招标公告",
        "url": "http://ccgp-hebei.gov.cn/zfcg/1/bidingAnncDetail_40530.html",
        "id": "40530"
    },
    {
        "title": "河北省卫生和计划生育委员会综合执法监督局卫生计生监督执法业务采购项目竞争性谈判公告",
        "url": "http://ccgp-hebei.gov.cn/zfcg/1/bidingAnncDetail_40529.html",
        "id": "40529"
    },
    {
        "title": "河北奥林匹克体育中心-体育馆综合体能源系统工程",
        "url": "http://ccgp-hebei.gov.cn/zfcg/1/bidingAnncDetail_40272.html",
        "id": "40272"
    },
    {
        "title": "河北省卫生和计划生育委员会综合监督执法局卫生计生监督执法业务采购项目竞争性谈判公告",
        "url": "http://ccgp-hebei.gov.cn/zfcg/1/bidingAnncDetail_40526.html",
        "id": "40526"
    },
    {
        "title": "农业部河北南部耕地保育科学观测实验站建设项目（进口）公开招标公告",
        "url": "http://ccgp-hebei.gov.cn/zfcg/1/bidingAnncDetail_40479.html",
        "id": "40479"
    },
    {
        "title": "河北省张涿高速公路张家口段部分路段路基沉陷及桥头跳车病害治理工程施工公开招标公告",
        "url": "http://ccgp-hebei.gov.cn/zfcg/1/bidingAnncDetail_40474.html",
        "id": "40474"
    },
    {
        "title": "河北省纤维检验局专用仪器设备购置项目公开招标招标公告",
        "url": "http://ccgp-hebei.gov.cn/zfcg/1/bidingAnncDetail_37953.html",
        "id": "37953"
    },
    {
        "title": "河北科技师范学院预防兽医学重点学科设备采购公开招标公告",
        "url": "http://ccgp-hebei.gov.cn/zfcg/1/bidingAnncDetail_40507.html",
        "id": "40507"
    },
    {
        "title": "河北科技师范学院工程硕士(机械工程)秸秆综合利用关键设备采购公开招标公告",
        "url": "http://ccgp-hebei.gov.cn/zfcg/1/bidingAnncDetail_40506.html",
        "id": "40506"
    },
    {
        "title": "河北科技师范学院板栗工程技术研究中心-制备型液相色谱仪采购公开招标公告",
        "url": "http://ccgp-hebei.gov.cn/zfcg/1/bidingAnncDetail_40504.html",
        "id": "40504"
    },
    {
        "title": "河北科技师范学院2016年食品科技学院发酵工程重点发展学科设备公开招标公告",
        "url": "http://ccgp-hebei.gov.cn/zfcg/1/bidingAnncDetail_40503.html",
        "id": "40503"
    },
    {
        "title": "河北科技师范学院本科高校转型发展-葡萄酒生产实训中心设备采购公开招标公告",
        "url": "http://ccgp-hebei.gov.cn/zfcg/1/bidingAnncDetail_40501.html",
        "id": "40501"
    },
    {
        "title": "河北科技师范学院食品科技学院设备采购二次公开招标公告",
        "url": "http://ccgp-hebei.gov.cn/zfcg/1/bidingAnncDetail_40500.html",
        "id": "40500"
    },
    {
        "title": "河北省计量监督检测院高压环道气体流量标准装置采购项目公开招标公告",
        "url": "http://ccgp-hebei.gov.cn/zfcg/1/bidingAnncDetail_40499.html",
        "id": "40499"
    },
    {
        "title": "2016年承唐高速公路承德段隧道照明维修工程竞争性谈判公告",
        "url": "http://ccgp-hebei.gov.cn/zfcg/1/bidingAnncDetail_40498.html",
        "id": "40498"
    },
    {
        "title": "河北艺术职业学院学生宿舍墙面粉刷工程竞争性磋商公告",
        "url": "http://ccgp-hebei.gov.cn/zfcg/1/bidingAnncDetail_40486.html",
        "id": "40486"
    },
    {
        "title": "农业部河北南部耕地保育科学观测实验站建设项目（国产）公开招标公告",
        "url": "http://ccgp-hebei.gov.cn/zfcg/1/bidingAnncDetail_40484.html",
        "id": "40484"
    },
    {
        "title": "河北艺术职业学院加压泵房设备改造工程竞争性磋商公告",
        "url": "http://ccgp-hebei.gov.cn/zfcg/1/bidingAnncDetail_40483.html",
        "id": "40483"
    },
    {
        "title": "2016年残疾人康复体育器材和冬季残奥项目队陆地训练器材采购公开招标公告",
        "url": "http://ccgp-hebei.gov.cn/zfcg/1/bidingAnncDetail_40196.html",
        "id": "40196"
    },
    {
        "title": "石家庄铁道大学2016年度重点学科经费设备购置项目公开招标公告",
        "url": "http://ccgp-hebei.gov.cn/zfcg/1/bidingAnncDetail_40353.html",
        "id": "40353"
    },
    {
        "title": "河北金融学院设备采购项目-红外线听力教学考试系统竞争性磋商",
        "url": "http://ccgp-hebei.gov.cn/zfcg/1/bidingAnncDetail_40446.html",
        "id": "40446"
    },
    {
        "title": "河北省高级人民法院（机关）国家法官学院河北分院家具及设备购置费项目BY20160315招标公告",
        "url": "http://ccgp-hebei.gov.cn/zfcg/1/bidingAnncDetail_40401.html",
        "id": "40401"
    },
    {
        "title": "河北大学新建楼宇网络及配套设备招标公告",
        "url": "http://ccgp-hebei.gov.cn/zfcg/1/bidingAnncDetail_40393.html",
        "id": "40393"
    },
    {
        "title": "河北体育学院体育器材项目竞争性谈判招标公告",
        "url": "http://ccgp-hebei.gov.cn/zfcg/1/bidingAnncDetail_40382.html",
        "id": "40382"
    },
    {
        "title": "河北大学学生公寓家具设施更新公开招标",
        "url": "http://ccgp-hebei.gov.cn/zfcg/1/bidingAnncDetail_40386.html",
        "id": "40386"
    },
    {
        "title": "河北工程大学新校园建设项目PPP咨询服务竞争性磋商公告",
        "url": "http://ccgp-hebei.gov.cn/zfcg/1/bidingAnncDetail_40339.html",
        "id": "40339"
    },
    {
        "title": "河北工程大学河北工程大学高校综合水平提升经费-水资源水环境专用设备二次招标公告",
        "url": "http://ccgp-hebei.gov.cn/zfcg/1/bidingAnncDetail_40278.html",
        "id": "40278"
    },
    {
        "title": "长深公路平泉(辽冀界)至承德段高速公路2016年日常维护维修工程（计重收费设备（系统））二次招标公告",
        "url": "http://ccgp-hebei.gov.cn/zfcg/1/bidingAnncDetail_40215.html",
        "id": "40215"
    },
    {
        "title": "河北体育馆网球馆东配楼维修改造项目竞争性磋商招标公告",
        "url": "http://ccgp-hebei.gov.cn/zfcg/1/bidingAnncDetail_40237.html",
        "id": "40237"
    },
    {
        "title": "河北省畜牧良种工作站乳肉兼用牛培育项目",
        "url": "http://ccgp-hebei.gov.cn/zfcg/1/bidingAnncDetail_40141.html",
        "id": "40141"
    },
    {
        "title": "河北建材职业技术学院提高高职高专院校生均拨款水平补助项目-消防设备采购（二次）公开招标公告",
        "url": "http://ccgp-hebei.gov.cn/zfcg/1/bidingAnncDetail_40143.html",
        "id": "40143"
    },
    {
        "title": "河北省血液中心试剂及采血设备购置项目（进口）（二次）竞争性谈判公告",
        "url": "http://ccgp-hebei.gov.cn/zfcg/1/bidingAnncDetail_40169.html",
        "id": "40169"
    },
    {
        "title": "河北中医学院河北中医学院综合教学楼教室桌椅采购招标公告",
        "url": "http://ccgp-hebei.gov.cn/zfcg/1/bidingAnncDetail_40107.html",
        "id": "40107"
    },
    {
        "title": "河北师范大学重点大学建设经费项目（三）招标公告",
        "url": "http://ccgp-hebei.gov.cn/zfcg/1/bidingAnncDetail_40106.html",
        "id": "40106"
    },
    {
        "title": "河北师范大学教务处屏蔽器和学生公寓家具招标公告",
        "url": "http://ccgp-hebei.gov.cn/zfcg/1/bidingAnncDetail_40104.html",
        "id": "40104"
    },
    {
        "title": "河北省高速公路青银管理处现金解缴押运费（安全服务）X0272招标公告",
        "url": "http://ccgp-hebei.gov.cn/zfcg/1/bidingAnncDetail_40099.html",
        "id": "40099"
    },
    {
        "title": "河北大学河大学宋史中心图书招标公告",
        "url": "http://ccgp-hebei.gov.cn/zfcg/1/bidingAnncDetail_40098.html",
        "id": "40098"
    },
    {
        "title": "河北交通职业技术学院教务管理系统建设项目招标公告",
        "url": "http://ccgp-hebei.gov.cn/zfcg/1/bidingAnncDetail_40097.html",
        "id": "40097"
    },
    {
        "title": "河北省高速公路青银管理处现金解缴押运费 X0243招标公告",
        "url": "http://ccgp-hebei.gov.cn/zfcg/1/bidingAnncDetail_40096.html",
        "id": "40096"
    }
]