[
    {
        "title": "赞皇县集中供热项目（城区东部）勘察设计",
        "url": "http://www.hebgc.com/hebgc2009/index.php?a=eng-anc-detail&xh=381121",
        "id": "381121"
    },
    {
        "title": "北五里铺旧城改造项目设计招标",
        "url": "http://www.hebgc.com/hebgc2009/index.php?a=eng-anc-detail&xh=381010",
        "id": "381010"
    },
    {
        "title": "深州市恒信路[大广连接线拓宽改造提升（顺达大街-西外环段）]工程勘察设计",
        "url": "http://www.hebgc.com/hebgc2009/index.php?a=eng-anc-detail&xh=381115",
        "id": "381115"
    },
    {
        "title": "文安县新镇西洋町小学建设工程等12所学校设计",
        "url": "http://www.hebgc.com/hebgc2009/index.php?a=eng-anc-detail&xh=381120",
        "id": "381120"
    },
    {
        "title": "石家庄海山实业发展总公司工矿棚户区改造项目（二期工程）施工图设计",
        "url": "http://www.hebgc.com/hebgc2009/index.php?a=eng-anc-detail&xh=381124",
        "id": "381124"
    },
    {
        "title": "文安县大柳河镇常久村中心校建设工程等13所学校设计",
        "url": "http://www.hebgc.com/hebgc2009/index.php?a=eng-anc-detail&xh=381129",
        "id": "381129"
    },
    {
        "title": "南八一环岛改造工程设计",
        "url": "http://www.hebgc.com/hebgc2009/index.php?a=eng-anc-detail&xh=381046",
        "id": "381046"
    },
    {
        "title": "健康城生物产业孵化器项目工程设计",
        "url": "http://www.hebgc.com/hebgc2009/index.php?a=eng-anc-detail&xh=381015",
        "id": "381015"
    },
    {
        "title": "石济客专改扩建四座地道桥（下穿石德铁路）工程项目施工图审查",
        "url": "http://www.hebgc.com/hebgc2009/index.php?a=eng-anc-detail&xh=380850",
        "id": "380850"
    },
    {
        "title": "石济客专石家庄东站广场及地下空间工程施工图审查",
        "url": "http://www.hebgc.com/hebgc2009/index.php?a=eng-anc-detail&xh=380852",
        "id": "380852"
    },
    {
        "title": "南二环东延（东二环-东三环）和南二环西延（西二环-南水北调桥）工程施工图审查",
        "url": "http://www.hebgc.com/hebgc2009/index.php?a=eng-anc-detail&xh=380853",
        "id": "380853"
    },
    {
        "title": "邯铁家园一期项目设计招标",
        "url": "http://www.hebgc.com/hebgc2009/index.php?a=eng-anc-detail&xh=380918",
        "id": "380918"
    },
    {
        "title": "（无效公告）北五里铺旧城改造项目设计招标",
        "url": "http://www.hebgc.com/hebgc2009/index.php?a=eng-anc-detail&xh=380908",
        "id": "380908"
    },
    {
        "title": "滦县横山景区建设项目游廊景亭工程施工图设计招标",
        "url": "http://www.hebgc.com/hebgc2009/index.php?a=eng-anc-detail&xh=380862",
        "id": "380862"
    },
    {
        "title": "玉井南路南段（工兴路-滨河北路）新建工程设计招标",
        "url": "http://www.hebgc.com/hebgc2009/index.php?a=eng-anc-detail&xh=380901",
        "id": "380901"
    },
    {
        "title": "秦皇岛开发区地下综合管廊建设项目设计",
        "url": "http://www.hebgc.com/hebgc2009/index.php?a=eng-anc-detail&xh=380845",
        "id": "380845"
    },
    {
        "title": "秦皇岛市公安局交通警察支队车辆管理业务中心外幕墙设计二次",
        "url": "http://www.hebgc.com/hebgc2009/index.php?a=eng-anc-detail&xh=380851",
        "id": "380851"
    },
    {
        "title": "沽源县黄盖淖镇易地扶贫搬迁安置区工程设计",
        "url": "http://www.hebgc.com/hebgc2009/index.php?a=eng-anc-detail&xh=380915",
        "id": "380915"
    },
    {
        "title": "沽源县九连城镇易地扶贫搬迁半拉山安置区工程设计",
        "url": "http://www.hebgc.com/hebgc2009/index.php?a=eng-anc-detail&xh=380916",
        "id": "380916"
    },
    {
        "title": "广宗县文体综合中心建设工程设计",
        "url": "http://www.hebgc.com/hebgc2009/index.php?a=eng-anc-detail&xh=380923",
        "id": "380923"
    },
    {
        "title": "（无效公告）昆仑大街及天山大街跨环城水系桥梁工程设计.",
        "url": "http://www.hebgc.com/hebgc2009/index.php?a=eng-anc-detail&xh=380732",
        "id": "380732"
    },
    {
        "title": "秦岭大街跨环城水系桥梁工程设计.",
        "url": "http://www.hebgc.com/hebgc2009/index.php?a=eng-anc-detail&xh=380733",
        "id": "380733"
    },
    {
        "title": "秦岭大街、昆仑大街及天山大街跨环城水系桥梁工程勘察.",
        "url": "http://www.hebgc.com/hebgc2009/index.php?a=eng-anc-detail&xh=380739",
        "id": "380739"
    },
    {
        "title": "昆仑大街及天山大街跨环城水系桥梁工程设计.",
        "url": "http://www.hebgc.com/hebgc2009/index.php?a=eng-anc-detail&xh=380741",
        "id": "380741"
    },
    {
        "title": "燕山东大街特勤消防站工程设计",
        "url": "http://www.hebgc.com/hebgc2009/index.php?a=eng-anc-detail&xh=380801",
        "id": "380801"
    },
    {
        "title": "承德市中心医院建设项目妇儿院区工程设计招标",
        "url": "http://www.hebgc.com/hebgc2009/index.php?a=eng-anc-detail&xh=380815",
        "id": "380815"
    },
    {
        "title": "石家庄市不动产登记中心档案建设工程设计二次",
        "url": "http://www.hebgc.com/hebgc2009/index.php?a=eng-anc-detail&xh=380817",
        "id": "380817"
    },
    {
        "title": "故城县马庄、沙岗片区概念性规划编制项目(二次公告)",
        "url": "http://www.hebgc.com/hebgc2009/index.php?a=eng-anc-detail&xh=380849",
        "id": "380849"
    },
    {
        "title": "高新区巨力大街（北二环—北三环）道路雨污水路灯便道工程 工业大街（北二环—北三环）路灯工程设计招标（二次）",
        "url": "http://www.hebgc.com/hebgc2009/index.php?a=eng-anc-detail&xh=380429",
        "id": "380429"
    },
    {
        "title": "廊坊开发区云鹏东道道路及排水工程设计",
        "url": "http://www.hebgc.com/hebgc2009/index.php?a=eng-anc-detail&xh=380445",
        "id": "380445"
    },
    {
        "title": "霸州上游城小区B区工程设计",
        "url": "http://www.hebgc.com/hebgc2009/index.php?a=eng-anc-detail&xh=380499",
        "id": "380499"
    },
    {
        "title": "秦皇岛北戴河新区滨海新大道D1段南侧绿化工程设计二次招标",
        "url": "http://www.hebgc.com/hebgc2009/index.php?a=eng-anc-detail&xh=380500",
        "id": "380500"
    },
    {
        "title": "（无效公告）井陉县城新区污水管网工程设计",
        "url": "http://www.hebgc.com/hebgc2009/index.php?a=eng-anc-detail&xh=380729",
        "id": "380729"
    },
    {
        "title": "武强县“多规合一”规划项目",
        "url": "http://www.hebgc.com/hebgc2009/index.php?a=eng-anc-detail&xh=380731",
        "id": "380731"
    },
    {
        "title": "井陉县城新区污水管网工程设计",
        "url": "http://www.hebgc.com/hebgc2009/index.php?a=eng-anc-detail&xh=380735",
        "id": "380735"
    },
    {
        "title": "平泉县林业局危旧房改造配套道路工程—滨河路北延工程设计招标",
        "url": "http://www.hebgc.com/hebgc2009/index.php?a=eng-anc-detail&xh=380746",
        "id": "380746"
    },
    {
        "title": "邯郸市恒大名都小学建设项目设计",
        "url": "http://www.hebgc.com/hebgc2009/index.php?a=eng-anc-detail&xh=380399",
        "id": "380399"
    },
    {
        "title": "平乡县地表水厂配套管网工程设计(二次公告)",
        "url": "http://www.hebgc.com/hebgc2009/index.php?a=eng-anc-detail&xh=380705",
        "id": "380705"
    },
    {
        "title": "丰宁县防空治安专业队直属人防工程设计",
        "url": "http://www.hebgc.com/hebgc2009/index.php?a=eng-anc-detail&xh=380454",
        "id": "380454"
    },
    {
        "title": "任县医院病房楼建设项目设计",
        "url": "http://www.hebgc.com/hebgc2009/index.php?a=eng-anc-detail&xh=380321",
        "id": "380321"
    }
]