[
    {
        "name": "河北招标投标网 bidding",
        "data": [
            {
                "title": " 体育公园给水外网施工 ",
                "url": "http://hebeibidding.com.cn/tender/details.aspx?id=de0f9e31275d7410",
                "id": "de0f9e31275d7410"
            },
            {
                "title": " 体育公园排水外网施工 ",
                "url": "http://hebeibidding.com.cn/tender/details.aspx?id=13a9a270c5edf226",
                "id": "13a9a270c5edf226"
            },
            {
                "title": " 西城区第二实验小学教学楼和综合楼工程施工招标 ",
                "url": "http://hebeibidding.com.cn/tender/details.aspx?id=e394f1f6e566c89a",
                "id": "e394f1f6e566c89a"
            }
        ]
    },
    {
        "name": "河北政府采购网 ccgp",
        "data": [
            {
                "title": "华北理工大学2016年新校区搬迁提升专项经费-教室课桌椅项目公开招标",
                "url": "http://ccgp-hebei.gov.cn/zfcg/1/bidingAnncDetail_41040.html",
                "id": "41040"
            },
            {
                "title": "华北理工大学2016年新校区搬迁提升专项经费-教室课桌椅项目公开招标",
                "url": "http://ccgp-hebei.gov.cn/zfcg/1/bidingAnncDetail_41037.html",
                "id": "41037"
            },
            {
                "title": "河北音像资料馆媒资管理系统扩容升级项目公开招标",
                "url": "http://ccgp-hebei.gov.cn/zfcg/1/bidingAnncDetail_41025.html",
                "id": "41025"
            }
        ]
    },
    {
        "name": "河北建设工程信息网 hebgc",
        "data": []
    }
]